insert into user(id,name,sex) values (1,'牛1','男');
insert into user(id,name,sex) values (2,'鬼123','女');
insert into user(id,name,sex) values (3,'蛇123','女');
insert into user(id,name,sex) values (4,'神123','男');
insert into user(id,name,sex) values (5,'x123','男');
insert into user(id,name,sex) values (6,'61','男');
insert into user(id,name,sex) values (7,'71','男');
insert into user(id,name,sex) values (8,'81','男');
insert into user(id,name,sex) values (9,'91','男');
insert into user(id,name,sex) values (10,'101','男');
insert into user(id,name,sex) values (11,'1101','男');
insert into user(id,name,sex) values (12,'1201','男');

insert into Student(id,name,sex,number) values (1,'无','男',20012);
insert into Student(id,name,sex,number) values (2,'法','女',20013);
insert into Student(id,name,sex,number) values (3,'无','女',20014);
insert into Student(id,name,sex,number) values (4,'边','男',20015);


insert into item (id,name,user_id) values(1,'a1',1);
insert into item (id,name,user_id) values(2,'a2',1);
insert into item (id,name,user_id) values(3,'a3',1);
insert into item (id,name,user_id) values(4,'a4',1);

insert into item (id,name,user_id) values(5,'a1',2);
insert into item (id,name,user_id) values(6,'a2',2);
insert into item (id,name,user_id) values(7,'a3',2);


insert into mooncard (id,name,user_id) values(1,'a1',1);
insert into mooncard (id,name,user_id) values(2,'a2',1);
insert into mooncard (id,name,user_id) values(3,'a3',1);


insert into mooncard (id,name,user_id) values(4,'a1',2);
insert into mooncard (id,name,user_id) values(5,'a2',2);
insert into mooncard (id,name,user_id) values(6,'a3',2);
